City_ID,City,Lat,Lng,Max Temp,Humidity,Cloudiness,Wind Speed,Country,Date
0,Santander Jimenez,24.2167,-98.4667,80.51,67,76,12.1,MX,2022-09-26 22:52:53
1,Punta Arenas,-53.15,-70.9167,44.71,57,0,17.27,CL,2022-09-26 22:50:14
2,Liku,-0.7275,119.8922,75.94,86,97,3.04,ID,2022-09-26 22:52:54
3,Hay River,60.8156,-115.7999,64.36,34,75,13.8,CA,2022-09-26 22:52:54
4,Kahului,20.8947,-156.47,89.62,55,20,23.02,US,2022-09-26 22:49:39
5,Rikitea,-23.1203,-134.9692,68.14,57,28,5.41,PF,2022-09-26 22:52:54
6,Puerto Ayora,-0.7393,-90.3518,73.36,91,97,5.99,EC,2022-09-26 22:52:55
7,Goderich,43.7501,-81.7165,57.9,82,100,17.27,CA,2022-09-26 22:49:02
8,Jamestown,42.097,-79.2353,52.02,76,100,12.66,US,2022-09-26 22:52:55
9,Mataura,-46.1927,168.8643,49.48,84,100,1.74,NZ,2022-09-26 22:52:55
10,Barrow,71.2906,-156.7887,30.22,80,100,14.97,US,2022-09-26 22:52:56
11,Avera,33.194,-82.5271,81.91,34,20,9.48,US,2022-09-26 22:52:56
12,Hobart,-42.8794,147.3294,56.26,88,75,3.44,AU,2022-09-26 22:52:56
13,Puerto Carreno,6.189,-67.4859,85.98,70,75,4.61,CO,2022-09-26 22:52:57
14,Fairbanks,64.8378,-147.7164,50.22,67,100,5.75,US,2022-09-26 22:52:57
15,Vila Franca Do Campo,37.7167,-25.4333,68.2,77,100,9.66,PT,2022-09-26 22:52:57
16,Thompson,55.7435,-97.8558,48.36,40,20,4.61,CA,2022-09-26 22:50:47
17,Coquimbo,-29.9533,-71.3436,56.93,82,0,12.66,CL,2022-09-26 22:51:20
18,Provideniya,64.3833,-173.3,42.91,87,100,11.18,RU,2022-09-26 22:52:58
19,Butaritari,3.0707,172.7902,82.44,71,23,18.63,KI,2022-09-26 22:52:58
20,Ushuaia,-54.8,-68.3,40.66,75,40,25.32,AR,2022-09-26 22:49:34
21,Hermanus,-34.4187,19.2345,56.41,84,58,3.62,ZA,2022-09-26 22:52:59
22,Auki,-8.7676,160.7034,83.89,68,34,1.61,SB,2022-09-26 22:52:59
23,Jumla,29.2747,82.1838,52.36,87,0,4.32,NP,2022-09-26 22:52:59
24,Vaini,-21.2,-175.2,78.96,83,75,5.75,TO,2022-09-26 22:52:59
25,Saint-Philippe,-21.3585,55.7679,65.79,77,43,12.35,RE,2022-09-26 22:53:00
26,Lagoa,39.05,-27.9833,69.73,70,100,16.73,PT,2022-09-26 22:53:00
27,Yulara,-25.2406,130.9889,59.09,46,67,23.26,AU,2022-09-26 22:53:00
28,The Valley,18.217,-63.0578,84.34,74,20,13.8,AI,2022-09-26 22:53:01
29,Tuktoyaktuk,69.4541,-133.0374,35.6,69,75,14.97,CA,2022-09-26 22:53:01
30,Pisco,-13.7,-76.2167,63.01,72,75,9.22,PE,2022-09-26 22:53:01
31,Mehamn,71.0357,27.8492,44.55,87,100,8.05,NO,2022-09-26 22:53:02
32,Cayenne,4.9333,-52.3333,82.44,78,0,8.05,GF,2022-09-26 22:53:02
33,Cap-Aux-Meules,47.3821,-61.8597,62.65,100,40,21.85,CA,2022-09-26 22:49:11
34,Yellowknife,62.456,-114.3525,48.72,71,75,10.36,CA,2022-09-26 22:49:10
35,Puerto Ayacucho,5.6639,-67.6236,82.44,74,57,3.44,VE,2022-09-26 22:53:03
36,Carnarvon,-24.8667,113.6333,64.74,33,1,15.32,AU,2022-09-26 22:53:03
37,Busselton,-33.65,115.3333,50.81,87,2,5.84,AU,2022-09-26 22:53:03
38,Avarua,-21.2078,-159.775,78.85,83,75,12.66,CK,2022-09-26 22:49:30
39,Bluff,-46.6,168.3333,49.8,91,100,3.62,NZ,2022-09-26 22:53:04
40,Dikson,73.5069,80.5464,33.01,73,92,12.97,RU,2022-09-26 22:53:04
41,Saskylakh,71.9167,114.0833,27.16,92,90,11.34,RU,2022-09-26 22:53:04
42,Cherskiy,68.75,161.3,32.11,55,16,4.05,RU,2022-09-26 22:53:05
43,Caluquembe,-13.7833,14.6833,62.6,58,73,4.7,AO,2022-09-26 22:50:16
44,Qaanaaq,77.484,-69.3632,25.77,77,83,6.42,GL,2022-09-26 22:54:05
45,Kapaa,22.0752,-159.319,84.18,66,13,5.01,US,2022-09-26 22:54:06
46,Vrangel,42.7297,133.0839,61.77,73,0,5.93,RU,2022-09-26 22:54:06
47,Vestmannaeyjar,63.4427,-20.2734,43.11,52,60,16.58,IS,2022-09-26 22:54:06
48,Albany,42.6001,-73.9662,59.92,84,39,4.43,US,2022-09-26 22:51:16
49,Samarai,-10.6167,150.6667,82.56,74,25,8.48,PG,2022-09-26 22:54:07
50,Pemba,-12.974,40.5178,74.1,83,40,8.05,MZ,2022-09-26 22:54:07
51,Hemnesberget,66.2333,13.6333,52.52,74,98,14.12,NO,2022-09-26 22:54:07
52,Pevek,69.7008,170.3133,30.33,72,47,2.46,RU,2022-09-26 22:54:08
53,Port Alfred,-33.5906,26.891,62.19,93,100,5.99,ZA,2022-09-26 22:54:08
54,Khatanga,71.9667,102.5,23.74,98,93,8.7,RU,2022-09-26 22:54:08
55,Petropavlovsk-Kamchatskiy,53.0452,158.6483,46.99,87,100,4.47,RU,2022-09-26 22:54:09
56,Poum,-20.2333,164.0167,77.07,69,2,6.91,NC,2022-09-26 22:54:09
57,Araruama,-22.8728,-42.3431,69.85,84,94,13.51,BR,2022-09-26 22:54:09
58,Shimoda,34.6667,138.95,70.11,77,10,10.8,JP,2022-09-26 22:54:10
59,Ponta Do Sol,32.6667,-17.1,70.43,75,22,8.46,PT,2022-09-26 22:54:10
60,Teguldet,57.3064,88.1667,26.98,96,96,3.47,RU,2022-09-26 22:54:11
61,Zmeinogorsk,51.1567,82.195,54.7,71,84,8.93,RU,2022-09-26 22:54:11
62,Moba,33.2288,105.0179,51.12,90,100,3.36,CN,2022-09-26 22:54:11
63,Katsuura,35.1333,140.3,74.14,73,1,11.9,JP,2022-09-26 22:51:36
64,Porto Novo,6.4965,2.6036,73.22,89,100,1.72,BJ,2022-09-26 22:54:12
65,Srednekolymsk,67.45,153.6833,34.43,59,70,9.64,RU,2022-09-26 22:54:12
66,Sal Rei,16.1833,-22.9167,79.27,71,68,10.16,CV,2022-09-26 22:54:12
67,Hilo,19.7297,-155.09,87.28,65,27,8.01,US,2022-09-26 22:54:13
68,Lebu,-37.6167,-73.65,52.21,93,100,3.53,CL,2022-09-26 22:54:13
69,Aktau,43.65,51.2,52.38,62,13,11.39,KZ,2022-09-26 22:54:13
70,Faanui,-16.4833,-151.75,78.44,72,5,14.94,PF,2022-09-26 22:54:14
71,Los Llanos De Aridane,28.6585,-17.9182,67.12,84,100,15.01,ES,2022-09-26 22:54:14
72,Gazanjyk,39.2446,55.5154,64.83,28,0,12.3,TM,2022-09-26 22:54:14
73,Visnes,59.3556,5.2242,50.05,66,100,10.36,NO,2022-09-26 22:54:15
74,Esperance,-33.8667,121.9,51.98,82,0,8.05,AU,2022-09-26 22:54:15
75,Fortuna,40.5982,-124.1573,61.99,83,18,6.6,US,2022-09-26 22:52:46
76,Tutoia,-2.7619,-42.2744,79.63,81,4,13.04,BR,2022-09-26 22:54:15
77,Bloomfield,40.8068,-74.1854,73.9,52,75,12.66,US,2022-09-26 22:49:27
78,Toora-Khem,52.4675,96.11,41.16,95,100,2.95,RU,2022-09-26 22:54:16
79,Kodiak,57.79,-152.4072,49.3,69,30,3.38,US,2022-09-26 22:54:17
80,Novoagansk,61.9449,76.6625,25.95,80,14,6.98,RU,2022-09-26 22:54:17
81,Bredasdorp,-34.5322,20.0403,52.74,91,56,4.72,ZA,2022-09-26 22:54:17
82,Harper,4.375,-7.7169,76.15,87,97,7.96,LR,2022-09-26 22:54:18
83,Bengkulu,-3.8004,102.2655,74.77,90,75,5.23,ID,2022-09-26 22:54:18
84,Linxia,35.6003,103.2064,55.56,55,100,2.55,CN,2022-09-26 22:54:18
85,Puksoozero,62.5903,40.6066,40.93,89,100,5.41,RU,2022-09-26 22:54:19
86,Buenos Aires,-34.6132,-58.3772,69.98,73,0,3.44,AR,2022-09-26 22:50:07
87,Guymon,36.6828,-101.4816,85.86,22,0,13.11,US,2022-09-26 22:54:19
88,Cape Town,-33.9258,18.4232,56.12,80,0,2.3,ZA,2022-09-26 22:51:33
89,San Patricio,28.017,-97.5169,94.17,35,8,10.85,US,2022-09-26 22:55:20
90,Sao Joao Da Barra,-21.6403,-41.0511,73.49,84,51,16.37,BR,2022-09-26 22:55:20
91,Maiduguri,11.8464,13.1603,78.33,75,66,9.26,NG,2022-09-26 22:55:20
92,Darhan,49.4867,105.9228,49.86,46,36,3.33,MN,2022-09-26 22:55:21
93,Magadan,59.5667,150.8,41.76,61,92,10.8,RU,2022-09-26 22:55:21
94,San Cristobal,7.7669,-72.225,78.98,86,70,3.89,VE,2022-09-26 22:55:22
95,Havelock,34.8791,-76.9013,80.55,81,40,10.36,US,2022-09-26 22:55:22
96,Atuona,-9.8,-139.0333,75.94,81,26,20.36,PF,2022-09-26 22:52:06
97,Alofi,-19.0595,-169.9187,73.29,100,100,5.75,NU,2022-09-26 22:55:22
98,Tiksi,71.6872,128.8694,32.72,91,100,22.44,RU,2022-09-26 22:55:23
99,Tulu Bolo,8.6667,38.2167,53.2,90,33,2.26,ET,2022-09-26 22:55:23
100,Honningsvag,70.9821,25.9704,46.15,81,49,13.8,NO,2022-09-26 22:55:24
101,Berlevag,70.8578,29.0864,44.6,81,20,5.75,NO,2022-09-26 22:55:24
102,Salalah,17.0151,54.0924,78.17,84,90,7.16,OM,2022-09-26 22:55:24
103,Chokurdakh,70.6333,147.9167,27.1,84,82,13.11,RU,2022-09-26 22:55:25
104,Olafsvik,64.8945,-23.7142,44.33,47,92,9.86,IS,2022-09-26 22:55:25
105,New Norfolk,-42.7826,147.0587,55.92,83,100,0.94,AU,2022-09-26 22:55:25
106,Pacific Grove,36.6177,-121.9166,75.38,83,20,5.99,US,2022-09-26 22:55:26
107,El Tarra,8.5756,-73.0949,78.08,91,77,1.14,CO,2022-09-26 22:55:26
108,Kaitangata,-46.2817,169.8464,59.9,66,100,1.43,NZ,2022-09-26 22:55:26
109,Astara,38.5,48.6667,52.5,80,1,2.46,AZ,2022-09-26 22:55:26
110,Nikolskoye,59.7035,30.7861,46.29,93,100,2.84,RU,2022-09-26 22:55:27
111,Caohai,26.8661,104.2841,56.3,98,100,3.22,CN,2022-09-26 22:55:27
112,Christchurch,-43.5333,172.6333,67.41,60,100,4.61,NZ,2022-09-26 22:55:27
113,Svecha,58.2785,47.5164,40.19,95,100,9.46,RU,2022-09-26 22:55:28
114,Aguimes,27.9054,-15.4461,68.67,94,75,10.36,ES,2022-09-26 22:55:28
115,Matagami,49.7502,-77.6328,55.51,88,75,3.44,CA,2022-09-26 22:55:28
116,Yar-Sale,66.8333,70.8333,27.91,90,65,12.48,RU,2022-09-26 22:55:29
117,Lavrentiya,65.5833,-171.0,37.85,98,100,11.74,RU,2022-09-26 22:55:29
118,Codo,-4.4553,-43.8856,82.54,46,29,3.6,BR,2022-09-26 22:52:48
119,Ribeira Grande,38.5167,-28.7,71.15,69,100,12.33,PT,2022-09-26 22:55:30
120,Micheweni,-4.9667,39.8333,74.61,84,75,10.09,TZ,2022-09-26 22:55:30
121,Leningradskiy,69.3833,178.4167,31.24,88,100,7.36,RU,2022-09-26 22:55:30
122,Codrington,-38.2667,141.9667,53.42,93,100,17.05,AU,2022-09-26 22:55:30
123,Dunedin,-45.8742,170.5036,57.79,76,100,2.37,NZ,2022-09-26 22:55:31
124,Wukari,7.85,9.7833,73.51,92,86,3.06,NG,2022-09-26 22:55:31
125,Khandyga,62.6667,135.6,38.32,92,100,2.26,RU,2022-09-26 22:55:31
126,Pangnirtung,66.1451,-65.7125,33.8,69,20,0.0,CA,2022-09-26 22:55:32
127,San Quintin,30.4833,-115.95,76.71,70,1,16.75,MX,2022-09-26 22:55:32
128,Bambous Virieux,-20.3428,57.7575,71.85,64,40,11.5,MU,2022-09-26 22:55:32
129,Cidreira,-30.1811,-50.2056,64.2,83,76,7.25,BR,2022-09-26 22:55:33
130,Adrar,20.5022,-10.0711,95.27,23,90,7.9,MR,2022-09-26 22:55:33
131,Upata,8.0086,-62.3989,77.2,91,80,3.36,VE,2022-09-26 22:55:33
132,Udachnyy,66.4167,112.4,15.1,97,100,4.18,RU,2022-09-26 22:55:34
133,Balkhash,46.844,74.9804,56.95,46,28,13.22,KZ,2022-09-26 22:55:34
134,Solnechnyy,50.7214,136.6319,47.08,50,32,6.11,RU,2022-09-26 22:55:34
135,Coacoyul,17.8058,-99.11,74.14,78,97,2.55,MX,2022-09-26 22:55:35
136,Paamiut,61.994,-49.6678,43.34,93,100,32.1,GL,2022-09-26 22:56:35
137,Georgetown,5.4112,100.3354,80.89,87,20,5.99,MY,2022-09-26 22:56:14
138,Tuatapere,-46.1333,167.6833,54.61,93,100,3.04,NZ,2022-09-26 22:56:35
139,Mezen,65.8522,44.24,31.1,86,31,5.7,RU,2022-09-26 22:56:36
140,Ust-Maya,60.4167,134.5333,35.24,100,100,2.37,RU,2022-09-26 22:56:36
141,Sao Francisco,-15.9486,-44.8644,82.78,44,58,9.01,BR,2022-09-26 22:56:36
142,Kokorevka,52.5872,34.2778,47.8,95,99,5.01,RU,2022-09-26 22:56:37
143,Aklavik,68.2191,-135.0107,36.37,77,100,9.06,CA,2022-09-26 22:56:37
144,Satao,40.7418,-7.7329,52.92,72,2,1.05,PT,2022-09-26 22:56:38
145,Parrita,9.5201,-84.3225,78.39,86,97,4.16,CR,2022-09-26 22:56:39
146,Norsup,-16.0667,167.3833,82.72,73,14,12.44,VU,2022-09-26 22:56:39
147,Ancud,-41.8697,-73.8203,45.23,82,27,7.2,CL,2022-09-26 22:56:39
148,Ukhta,63.5671,53.6835,31.08,69,94,4.61,RU,2022-09-26 22:56:40
149,Kavaratti,10.5669,72.642,81.28,73,59,16.02,IN,2022-09-26 22:56:40
150,Grand-Bourg,15.8835,-61.3148,80.55,78,100,18.23,GP,2022-09-26 22:56:40
151,Mar Del Plata,-38.0023,-57.5575,57.22,94,75,4.61,AR,2022-09-26 22:53:16
152,Vardo,70.3705,31.1107,44.58,93,73,8.05,NO,2022-09-26 22:56:41
153,Caravelas,-17.7125,-39.2481,72.52,90,98,6.8,BR,2022-09-26 22:51:41
154,Narsaq,60.9167,-46.05,45.5,92,100,8.21,GL,2022-09-26 22:56:41
155,Opuwo,-18.0607,13.84,68.86,26,82,3.8,NA,2022-09-26 22:56:41
156,Padang,-0.9492,100.3543,76.89,89,99,2.95,ID,2022-09-26 22:56:42
157,Evensk,61.95,159.2333,38.93,63,22,2.3,RU,2022-09-26 22:56:42
158,Hambantota,6.1241,81.1185,78.44,83,35,14.99,LK,2022-09-26 22:56:42
159,Clyde River,70.4692,-68.5914,34.03,100,75,4.61,CA,2022-09-26 22:56:43
160,Sandnessjoen,66.0217,12.6316,53.65,69,100,3.0,NO,2022-09-26 22:56:43
161,Kimbe,-5.5502,150.1429,86.23,62,33,0.67,PG,2022-09-26 22:56:43
162,Arlit,18.7369,7.3853,96.76,14,26,10.4,NE,2022-09-26 22:56:43
163,Cabo San Lucas,22.8909,-109.9124,90.18,75,6,7.52,MX,2022-09-26 22:54:04
164,Ukiah,39.1502,-123.2078,94.44,33,1,3.0,US,2022-09-26 22:56:44
165,Tadine,-21.55,167.8833,77.94,71,18,5.03,NC,2022-09-26 22:56:44
166,Te Anau,-45.4167,167.7167,52.16,94,100,3.09,NZ,2022-09-26 22:56:45
167,Kon Tum,14.35,108.0,66.81,97,100,2.46,VN,2022-09-26 22:56:21
168,Sola,-13.8833,167.55,81.12,73,4,10.63,VU,2022-09-26 22:56:45
169,Luderitz,-26.6481,15.1594,54.05,84,0,4.61,NA,2022-09-26 22:56:46
170,Mahebourg,-20.4081,57.7,71.89,64,40,11.5,MU,2022-09-26 22:56:46
171,Letlhakane,-21.4167,25.5833,74.41,20,0,9.6,BW,2022-09-26 22:56:46
172,Airai,-8.9266,125.4092,67.66,52,32,0.78,TL,2022-09-26 22:56:47
173,Miles City,46.4083,-105.8406,78.28,24,36,13.49,US,2022-09-26 22:56:47
174,Lompoc,34.6391,-120.4579,87.01,74,40,12.66,US,2022-09-26 22:52:44
175,Tasiilaq,65.6145,-37.6368,35.53,89,100,4.5,GL,2022-09-26 22:56:47
176,Pafos,34.7667,32.4167,64.18,52,0,5.75,CY,2022-09-26 22:56:18
177,Ilulissat,69.2167,-51.1,36.27,100,100,4.65,GL,2022-09-26 22:56:48
178,Consuegra,39.4625,-3.608,61.38,37,3,9.62,ES,2022-09-26 22:56:48
179,Cabimas,10.3883,-71.4399,84.56,73,73,7.11,VE,2022-09-26 22:56:48
180,Hualmay,-11.0964,-77.6139,62.47,79,20,10.74,PE,2022-09-26 22:56:49
181,Hammerfest,70.6634,23.6821,46.85,76,20,5.75,NO,2022-09-26 22:56:49
182,Flin Flon,54.7682,-101.865,58.84,47,40,4.61,CA,2022-09-26 22:56:49
183,Vostok,46.4856,135.8833,48.81,68,23,3.31,RU,2022-09-26 22:57:50
184,Soma,39.1855,27.6094,59.68,44,98,3.04,TR,2022-09-26 22:57:50
185,Ascoli Piceno,42.8548,13.5749,64.26,90,71,1.99,IT,2022-09-26 22:57:50
186,Sao Filipe,14.8961,-24.4956,77.43,76,52,6.35,CV,2022-09-26 22:57:51
187,Tungawan,7.5081,122.3711,80.06,83,85,4.9,PH,2022-09-26 22:57:51
188,Port Elizabeth,-33.918,25.5701,62.1,97,100,17.27,ZA,2022-09-26 22:57:51
189,Novyy Urengoy,66.0833,76.6333,29.25,73,98,14.05,RU,2022-09-26 22:57:52
190,Athabasca,54.7169,-113.2854,72.01,40,37,1.9,CA,2022-09-26 22:57:52
191,Porosozero,62.7191,32.727,42.26,97,100,5.17,RU,2022-09-26 22:57:52
192,Zunyi,27.6867,106.9072,65.32,84,98,2.91,CN,2022-09-26 22:57:53
193,Phan Thiet,10.9333,108.1,76.37,84,100,10.8,VN,2022-09-26 22:57:53
194,Ostrovnoy,68.0531,39.5131,37.63,81,100,7.36,RU,2022-09-26 22:57:53
195,Ambon,-3.6954,128.1814,75.34,94,40,5.75,ID,2022-09-26 22:57:54
196,Saint Anthony,45.0205,-93.218,62.82,41,40,12.66,US,2022-09-26 22:57:54
197,Natal,-5.795,-35.2094,80.82,74,40,13.8,BR,2022-09-26 22:52:58
198,Upernavik,72.7868,-56.1549,33.58,73,28,5.86,GL,2022-09-26 22:57:54
199,East London,-33.0153,27.9116,66.18,92,100,19.08,ZA,2022-09-26 22:53:38
200,Kurchum,48.5722,83.6542,64.49,34,100,5.59,KZ,2022-09-26 22:57:55
201,Thaba-Tseka,-29.522,28.6084,57.56,50,28,2.66,LS,2022-09-26 22:57:55
202,Lorengau,-2.0226,147.2712,84.96,66,60,8.43,PG,2022-09-26 22:57:55
203,Namibe,-15.1961,12.1522,65.35,70,69,5.17,AO,2022-09-26 22:57:56
204,Pombia,45.653,8.6336,59.04,82,40,2.3,IT,2022-09-26 22:57:56
205,Rancho Palos Verdes,33.7445,-118.387,97.09,72,3,14.0,US,2022-09-26 22:57:56
206,Kalmunai,7.4167,81.8167,77.68,83,56,4.63,LK,2022-09-26 22:57:57
207,Norman Wells,65.282,-126.8329,41.04,93,75,3.44,CA,2022-09-26 22:57:57
208,Falmouth,50.1544,-5.0711,58.1,71,100,13.8,GB,2022-09-26 22:57:57
209,Bireun,5.203,96.7009,77.49,79,100,3.56,ID,2022-09-26 22:57:58
210,Trairi,-3.2778,-39.2689,78.64,82,61,12.97,BR,2022-09-26 22:55:05
211,Westport,41.1415,-73.3579,70.93,80,100,23.02,US,2022-09-26 22:53:04
212,Dingle,10.9995,122.6711,78.28,90,99,7.58,PH,2022-09-26 22:57:58
213,Baykit,61.67,96.37,24.42,90,66,1.14,RU,2022-09-26 22:57:58
214,Alihe,50.5667,123.7167,37.35,67,82,3.33,CN,2022-09-26 22:57:59
215,Hun,29.1268,15.9477,84.0,27,0,10.94,LY,2022-09-26 22:57:59
216,Binzhou,37.3667,118.0167,63.25,70,53,2.53,CN,2022-09-26 22:57:59
217,Constitucion,-35.3333,-72.4167,52.29,85,98,8.7,CL,2022-09-26 22:58:00
218,Fort Nelson,58.8053,-122.7002,71.73,40,98,6.46,CA,2022-09-26 22:58:00
219,Hastings,50.8552,0.5729,51.8,80,41,18.66,GB,2022-09-26 22:58:00
220,Yining,29.0361,114.5636,68.77,76,76,2.06,CN,2022-09-26 22:58:01
221,Raga,8.4596,25.678,67.08,95,100,3.69,SS,2022-09-26 22:58:01
222,Diego De Almagro,-26.3667,-70.05,61.9,27,1,5.82,CL,2022-09-26 22:58:01
223,Mizdah,31.4451,12.9801,79.52,25,49,6.78,LY,2022-09-26 22:58:02
224,Kavieng,-2.5744,150.7967,84.7,66,83,13.76,PG,2022-09-26 22:58:02
225,Neiafu,-18.65,-173.9833,74.08,94,75,5.75,TO,2022-09-26 22:58:02
226,Vila Velha,-20.3297,-40.2925,73.35,86,75,9.22,BR,2022-09-26 22:58:03
227,Otse,-25.0167,25.7333,69.01,25,0,4.09,BW,2022-09-26 22:58:03
228,Doha,25.2867,51.5333,85.98,70,0,11.5,QA,2022-09-26 22:58:04
229,Greytown,-29.0642,30.5928,62.24,90,80,5.66,ZA,2022-09-26 22:58:04
230,Ongole,15.5,80.05,79.72,76,100,6.76,IN,2022-09-26 22:59:04
231,Kailua,21.4022,-157.7394,85.14,65,75,9.22,US,2022-09-26 22:59:05
232,Ejura,7.3856,-1.3562,68.74,98,100,3.0,GH,2022-09-26 22:59:05
233,Aketi,2.7388,23.7833,70.74,99,100,2.1,CD,2022-09-26 22:59:05
234,Benguela,-12.5763,13.4055,70.9,82,92,4.23,AO,2022-09-26 22:59:06
235,Dalianwan,39.0286,121.695,57.24,100,0,0.0,CN,2022-09-26 22:59:06
236,Abu Dhabi,24.4667,54.3667,87.82,87,20,2.3,AE,2022-09-26 22:54:57
237,Timizart,36.8,4.2667,67.33,76,94,6.82,DZ,2022-09-26 22:59:06
238,Eyl,7.9803,49.8164,77.29,81,42,16.53,SO,2022-09-26 22:59:07
239,Sidi Ali,36.0998,0.4206,66.43,71,58,8.16,DZ,2022-09-26 22:59:07
240,Rauma,61.1272,21.5113,48.24,81,99,14.16,FI,2022-09-26 22:59:07
241,Ilhabela,-23.7781,-45.3581,67.24,95,99,3.51,BR,2022-09-26 22:56:03
242,Fallon,39.4735,-118.7774,89.46,15,5,4.38,US,2022-09-26 22:59:08
243,Shache,38.4167,77.2406,64.71,25,0,5.55,CN,2022-09-26 22:59:08
244,Temir,49.1414,57.13,52.52,57,89,8.34,KZ,2022-09-26 22:59:09
245,Ahuimanu,21.4447,-157.8378,84.85,64,75,14.97,US,2022-09-26 22:59:09
246,Hinova,44.5406,22.7769,59.27,95,100,2.39,RO,2022-09-26 22:59:09
247,Abrau-Dyurso,44.69,37.59,56.66,73,64,10.11,RU,2022-09-26 22:59:10
248,Longyearbyen,78.2186,15.6401,42.64,75,40,2.3,SJ,2022-09-26 22:59:10
249,Labytnangi,66.6572,66.4183,26.42,81,39,6.76,RU,2022-09-26 22:59:11
250,Faya,18.3851,42.4509,66.31,29,1,5.55,SA,2022-09-26 22:59:11
251,Suntar,62.1444,117.6319,27.12,84,56,4.83,RU,2022-09-26 22:59:11
252,Port Macquarie,-31.4333,152.9167,68.9,70,58,2.13,AU,2022-09-26 22:59:12
253,Saldanha,-33.0117,17.9442,50.05,85,6,6.38,ZA,2022-09-26 22:59:12
254,Port Hardy,50.6996,-127.4199,62.78,77,40,4.61,CA,2022-09-26 22:59:12
255,Tigil,57.8,158.6667,45.64,62,50,13.96,RU,2022-09-26 22:59:13
256,Lonar,19.9833,76.5333,70.39,88,85,7.47,IN,2022-09-26 22:59:13
257,Ambanja,-13.6833,48.45,72.43,79,68,1.95,MG,2022-09-26 22:54:20
258,Sorland,67.667,12.6934,51.13,74,91,29.57,NO,2022-09-26 22:59:13
259,Rapid Valley,44.0625,-103.1463,80.76,27,29,18.01,US,2022-09-26 22:59:14
260,Barra Patuca,15.8,-84.2833,82.06,77,100,11.77,HN,2022-09-26 22:59:14
261,Macaparana,-7.5547,-35.4531,67.17,88,25,7.87,BR,2022-09-26 22:59:14
262,Allapalli,19.4167,80.0667,73.53,97,100,1.81,IN,2022-09-26 22:59:15
263,Broome,42.2506,-75.833,58.01,88,40,10.36,US,2022-09-26 22:59:15
264,Nanortalik,60.1432,-45.2371,44.92,93,100,13.06,GL,2022-09-26 22:59:16
265,Misratah,32.3754,15.0925,82.42,63,97,8.9,LY,2022-09-26 22:59:16
266,Bethel,41.3712,-73.414,68.54,78,71,6.11,US,2022-09-26 22:59:16
267,Marawi,7.9986,124.2928,73.78,76,97,4.43,PH,2022-09-26 22:59:17
268,Kieta,-6.2167,155.6333,84.13,70,94,3.53,PG,2022-09-26 22:59:17
269,Mount Gambier,-37.8333,140.7667,54.63,68,40,10.02,AU,2022-09-26 22:59:17
270,Buncrana,55.1333,-7.45,51.73,75,99,18.19,IE,2022-09-26 22:59:17
271,Xingyi,24.1877,102.817,59.27,93,71,2.51,CN,2022-09-26 22:59:18
272,Huarmey,-10.0681,-78.1522,63.14,80,41,8.97,PE,2022-09-26 22:59:18
273,Fatehabad,29.5167,75.45,76.24,81,0,3.13,IN,2022-09-26 22:59:19
274,Sorong,-0.8833,131.25,78.33,86,100,6.49,ID,2022-09-26 23:00:19
275,Hami,42.8,93.45,67.95,23,4,7.65,CN,2022-09-26 23:00:19
276,Majene,-3.5403,118.9707,76.82,77,99,5.61,ID,2022-09-26 23:00:20
277,Santa Vitoria Do Palmar,-33.5189,-53.3681,58.86,90,15,4.97,BR,2022-09-26 22:59:17
278,Biu,10.6129,12.1946,69.28,89,60,3.96,NG,2022-09-26 23:00:21
279,Jizan,17.3333,42.6667,89.96,51,43,4.65,SA,2022-09-26 23:00:21
280,Jiaocheng,24.6774,116.1389,76.64,75,25,1.59,CN,2022-09-26 23:00:22
281,Rio Gallegos,-51.6226,-69.2181,43.02,59,31,25.14,AR,2022-09-26 23:00:22
282,Kholm,59.2667,32.85,43.97,95,100,3.31,RU,2022-09-26 23:00:22
283,Oudtshoorn,-33.5907,22.2014,55.76,85,57,1.48,ZA,2022-09-26 23:00:23
284,Palmer,42.1584,-72.3287,66.65,80,75,5.75,US,2022-09-26 22:58:49
285,Hovd,48.0056,91.6419,55.58,37,85,8.88,MN,2022-09-26 23:00:24
286,Ola,59.5833,151.2833,42.06,59,78,9.71,RU,2022-09-26 23:00:24
287,Talaya,61.3833,152.75,30.27,69,74,3.58,RU,2022-09-26 23:00:24
288,Hobyo,5.3505,48.5268,76.3,89,58,17.47,SO,2022-09-26 23:00:25
289,Hithadhoo,-0.6,73.0833,81.73,74,65,14.63,MV,2022-09-26 23:00:25
290,Laguna,38.421,-121.4238,97.14,34,0,5.75,US,2022-09-26 23:00:26
291,Knoxville,35.9606,-83.9207,73.65,43,0,7.0,US,2022-09-26 22:58:38
292,Shakawe,-18.3667,21.85,73.18,26,47,5.19,BW,2022-09-26 23:00:26
293,Toppenish,46.3774,-120.3087,89.02,19,11,3.31,US,2022-09-26 23:00:26
294,Limon,10.0,-83.0333,80.06,76,100,3.27,CR,2022-09-26 23:00:27
295,Kannangad,12.3081,75.1063,76.26,89,84,6.8,IN,2022-09-26 23:00:27
296,Martapura,-3.4167,114.85,73.49,100,90,3.44,ID,2022-09-26 23:00:27
297,Bundaberg,-24.85,152.35,75.22,65,37,4.0,AU,2022-09-26 23:00:26
298,Flinders,-34.5833,150.8552,60.19,90,97,4.0,AU,2022-09-26 23:00:28
299,College,64.8569,-147.8028,50.2,67,100,3.58,US,2022-09-26 23:00:28
300,Ust-Kulom,61.6864,53.6902,27.82,83,36,4.14,RU,2022-09-26 23:00:28
301,Loandjili,-4.7561,11.8578,75.43,88,44,7.56,CG,2022-09-26 23:00:29
302,Yingcheng,30.95,113.55,67.96,62,93,6.42,CN,2022-09-26 23:00:29
303,Beringovskiy,63.05,179.3167,36.73,98,100,19.42,RU,2022-09-26 23:00:30
304,Kodinsk,58.6881,99.1844,26.1,97,12,1.88,RU,2022-09-26 23:00:30
305,Murgab,37.4966,61.9714,65.5,32,0,9.4,TM,2022-09-26 23:00:31
306,Siyabuswa,-25.1132,29.0445,74.35,25,0,8.34,ZA,2022-09-26 23:00:31
307,Dudinka,69.4058,86.1778,27.63,88,92,14.36,RU,2022-09-26 23:00:32
308,Taoudenni,22.6783,-3.9836,98.73,17,63,6.6,ML,2022-09-26 23:00:33
309,Kharp,66.8014,65.8081,25.86,77,42,5.26,RU,2022-09-26 23:00:34
310,Sambava,-14.2667,50.1667,67.48,90,14,10.36,MG,2022-09-26 23:00:34
311,Port Blair,11.6667,92.75,80.38,82,83,11.05,IN,2022-09-26 23:00:25
312,Juba,4.8517,31.5825,70.57,86,74,1.14,SS,2022-09-26 23:00:32
313,Castro,-24.7911,-50.0119,56.7,97,100,4.88,BR,2022-09-26 23:00:34
314,Itarema,-2.9248,-39.9167,78.71,81,75,16.87,BR,2022-09-26 23:00:35
315,Bairiki,1.3292,172.9752,81.68,76,51,20.15,KI,2022-09-26 23:00:35
316,Chumikan,54.7183,135.315,41.61,82,97,22.95,RU,2022-09-26 23:00:36
317,Araguaina,-7.1911,-48.2072,85.5,43,75,3.11,BR,2022-09-26 23:00:36
318,Celendin,-6.8703,-78.1517,63.12,66,85,6.24,PE,2022-09-26 23:00:37
319,Kamaishi,39.2667,141.8833,68.7,73,47,3.69,JP,2022-09-26 23:00:37
320,Nouadhibou,20.931,-17.0347,74.3,89,82,8.95,MR,2022-09-26 23:00:38
321,Aswan,24.0934,32.907,91.27,24,28,5.59,EG,2022-09-26 23:00:38
322,Iqaluit,63.7506,-68.5145,41.7,70,23,15.99,CA,2022-09-26 23:01:19
323,Timra,62.487,17.3257,53.67,87,100,17.27,SE,2022-09-26 23:01:38
324,Shenjiamen,29.9576,122.298,72.93,81,97,12.19,CN,2022-09-26 23:01:39
325,Hervey Bay,-25.2986,152.8535,76.01,66,44,8.99,AU,2022-09-26 22:59:28
326,Prainha,-1.8,-53.48,82.65,59,64,3.91,BR,2022-09-26 23:01:39
327,Superior,46.7208,-92.1041,57.49,53,75,16.11,US,2022-09-26 23:01:39
328,Dali,25.7,100.1833,58.42,93,26,2.73,CN,2022-09-26 23:01:40
329,San Felipe,10.3399,-68.7425,76.78,85,95,2.37,VE,2022-09-26 22:57:49
330,Verkhnyaya Inta,65.9811,60.3094,29.32,70,63,5.93,RU,2022-09-26 23:01:40
331,Batesville,35.7698,-91.641,78.94,27,0,1.99,US,2022-09-26 23:01:40
332,Havoysund,70.9963,24.6622,46.63,83,56,14.41,NO,2022-09-26 23:01:41
333,Muyezerskiy,63.9333,31.65,43.84,98,100,6.24,RU,2022-09-26 23:01:41
334,Youhao,47.8667,128.8333,45.57,64,3,2.28,CN,2022-09-26 23:01:42
335,Kassala,15.451,36.4,83.41,58,38,7.18,SD,2022-09-26 23:01:42
336,Svetlogorsk,52.6333,29.7333,48.22,98,100,5.32,BY,2022-09-26 23:01:42
337,Kawalu,-7.3817,108.2082,70.61,96,91,1.23,ID,2022-09-26 23:01:43
338,Coihaique,-45.5752,-72.0662,45.21,93,67,6.82,CL,2022-09-26 23:01:43
339,Victoria,22.2855,114.1577,84.38,74,59,11.99,HK,2022-09-26 23:00:06
340,General Roca,-39.0333,-67.5833,66.61,33,28,21.68,AR,2022-09-26 23:01:43
341,Kang,-23.6752,22.7876,74.71,24,48,6.51,BW,2022-09-26 23:01:44
342,Mao,39.8885,4.2658,66.76,63,0,0.0,ES,2022-09-26 23:01:44
343,Miandrivazo,-19.5167,45.4667,75.06,74,25,1.61,MG,2022-09-26 23:01:44
344,Port-Cartier,50.0334,-66.8654,50.76,99,100,9.01,CA,2022-09-26 23:01:45
345,Ngunguru,-35.6167,174.5,58.05,83,82,17.02,NZ,2022-09-26 23:01:45
346,Muncie,40.1934,-85.3864,63.72,53,87,7.0,US,2022-09-26 23:01:45
347,Xining,36.6167,101.7667,50.74,64,100,2.68,CN,2022-09-26 23:01:46
348,Oranjemund,-28.55,16.4333,53.85,90,0,2.84,NA,2022-09-26 23:01:46
349,Conil,44.9673,3.7177,43.66,92,53,11.12,FR,2022-09-26 23:01:46
350,Chuy,-33.6971,-53.4616,57.7,93,12,4.21,UY,2022-09-26 23:01:47
351,Kisaran,2.9845,99.6158,73.6,96,100,2.84,ID,2022-09-26 23:01:47
352,Bjorkelangen,59.8848,11.5694,51.4,96,100,12.03,NO,2022-09-26 23:01:47
353,Winfield,37.2398,-96.9956,82.51,24,0,9.22,US,2022-09-26 23:01:48
354,Karratha,-20.7377,116.8463,71.87,23,6,17.11,AU,2022-09-26 23:01:48
355,Kapuskasing,49.4169,-82.4331,55.49,67,100,11.5,CA,2022-09-26 23:01:49
356,Bathsheba,13.2167,-59.5167,81.81,79,100,14.88,BB,2022-09-26 23:01:49
357,Emerald,-23.5333,148.1667,72.34,69,30,6.93,AU,2022-09-26 23:01:49
358,Zhezkazgan,47.8043,67.7144,52.38,53,26,16.96,KZ,2022-09-26 23:01:50
359,Bereda,43.2686,-7.5406,56.41,98,56,2.06,ES,2022-09-26 23:01:50
360,Mandalgarh,25.2,75.1,73.71,74,55,3.89,IN,2022-09-26 23:00:19
361,Zhangjiakou,40.81,114.8794,59.92,51,2,0.83,CN,2022-09-26 23:01:50
362,San Pedro,14.35,121.0167,81.27,85,99,5.35,PH,2022-09-26 23:01:51
363,Batsfjord,70.6345,29.7185,44.53,93,20,6.91,NO,2022-09-26 23:01:51
364,Hokitika,-42.7167,170.9667,59.5,56,91,2.21,NZ,2022-09-26 23:01:51
365,Mega,4.05,38.3,58.86,82,56,13.78,ET,2022-09-26 23:01:52
366,Deputatskiy,69.3,139.9,20.37,96,100,4.05,RU,2022-09-26 23:01:52
367,Varhaug,58.6147,5.6457,49.55,77,98,16.17,NO,2022-09-26 23:01:52
368,Mizan Teferi,6.9833,35.5833,60.33,80,92,3.24,ET,2022-09-26 23:01:53
369,Kruisfontein,-34.0033,24.7314,59.88,92,100,19.89,ZA,2022-09-26 23:01:53
370,Hofn,64.2539,-15.2082,40.48,53,97,25.86,IS,2022-09-26 23:01:53
371,Lima,-12.0432,-77.0282,61.9,77,35,6.02,PE,2022-09-26 23:00:44
372,Broken Hill,-31.95,141.4333,51.12,55,1,18.9,AU,2022-09-26 23:02:54
373,Rapar,23.5667,70.6333,79.95,69,15,8.97,IN,2022-09-26 23:02:54
374,Krasnoselkup,65.7,82.4667,25.38,83,30,10.45,RU,2022-09-26 23:02:55
375,Sinnamary,5.3833,-52.95,80.17,83,2,13.73,GF,2022-09-26 23:02:55
376,Abu Zabad,12.35,29.25,76.21,70,100,7.34,SD,2022-09-26 23:02:55
377,Igrim,63.1906,64.4162,29.93,76,99,5.97,RU,2022-09-26 23:02:56
378,Nanticoke,41.2054,-76.0049,63.86,75,17,8.88,US,2022-09-26 23:02:56
379,Aneho,6.2333,1.6,75.56,89,96,4.54,TG,2022-09-26 23:02:56
380,Marienburg,54.0359,19.0266,53.89,85,100,4.81,PL,2022-09-26 23:02:57
381,Biak,-0.9131,122.8766,76.77,70,96,3.62,ID,2022-09-26 23:02:57
382,Kauswagan,8.1917,124.0847,80.8,77,90,7.49,PH,2022-09-26 23:02:57
383,Sovetsk,55.0839,21.8785,49.33,76,74,7.61,RU,2022-09-26 23:02:58
384,Huntsville,34.7304,-86.5861,74.82,41,0,10.36,US,2022-09-26 22:59:31
385,Luanda,-8.8368,13.2343,71.19,86,73,9.06,AO,2022-09-26 23:00:02
386,Kunovice,49.045,17.4701,52.56,87,15,3.85,CZ,2022-09-26 23:02:58
387,Reshetylivka,49.565,34.0782,58.46,73,100,11.59,UA,2022-09-26 23:02:58
388,Kachug,53.9606,105.8817,33.01,86,100,6.35,RU,2022-09-26 23:02:59
389,Skjervoy,70.0311,20.9714,46.4,77,47,19.51,NO,2022-09-26 23:02:59
390,Borogontsy,62.6683,131.1683,31.69,92,100,5.19,RU,2022-09-26 23:02:59
391,Dasoguz,41.8363,59.9666,58.01,44,0,6.89,TM,2022-09-26 23:03:00
392,Pecos,31.4229,-103.4932,86.09,32,40,12.66,US,2022-09-26 23:03:00
393,Lasa,46.6166,10.7002,48.69,94,100,4.43,IT,2022-09-26 23:03:00
394,Rawson,-43.3002,-65.1023,56.17,33,68,24.74,AR,2022-09-26 23:03:01
395,Arraial Do Cabo,-22.9661,-42.0278,69.26,86,92,18.7,BR,2022-09-26 23:03:01
396,Duluth,46.7833,-92.1066,57.07,52,75,16.11,US,2022-09-26 23:02:47
397,Mangrol,21.1167,70.1167,78.55,74,26,7.31,IN,2022-09-26 23:03:01
398,Severo-Kurilsk,50.6789,156.125,50.77,78,21,7.65,RU,2022-09-26 23:03:02
399,Maamba,-17.3667,27.15,73.9,30,2,2.77,ZM,2022-09-26 23:03:02
400,Saint George,37.1041,-113.5841,94.95,15,0,3.0,US,2022-09-26 23:01:45
401,Jasper,37.2001,-94.3502,79.68,21,0,11.5,US,2022-09-26 23:02:20
402,Asfi,32.2994,-9.2372,68.05,63,35,12.77,MA,2022-09-26 23:03:03
403,Dvubratskiy,45.2389,39.805,55.71,66,64,7.0,RU,2022-09-26 23:03:03
404,Gaogou,34.0175,119.1886,61.3,78,66,4.41,CN,2022-09-26 23:03:03
405,Kiunga,-6.1219,141.2906,73.38,95,100,0.74,PG,2022-09-26 23:03:04
406,Rio Grande,-32.035,-52.0986,62.44,86,66,4.32,BR,2022-09-26 23:02:14
407,Bure,10.7,37.0667,57.13,90,92,2.06,ET,2022-09-26 23:03:04
408,Homer,59.6425,-151.5483,47.8,89,99,2.06,US,2022-09-26 23:03:05
409,Comodoro Rivadavia,-45.8667,-67.5,57.06,18,0,25.32,AR,2022-09-26 22:59:46
410,Ler,8.3018,30.1418,73.04,81,100,4.18,SS,2022-09-26 23:03:05
411,Grindavik,63.8424,-22.4338,39.67,48,75,8.05,IS,2022-09-26 23:03:06
412,Amapa,1.0,-52.0,75.94,76,74,3.8,BR,2022-09-26 23:03:06
413,Prado,-17.3411,-39.2208,72.25,93,92,5.91,BR,2022-09-26 23:01:51
414,Idil,37.3411,41.8895,67.93,23,0,9.22,TR,2022-09-26 23:03:07
415,Yarmouth,41.7057,-70.2286,66.99,85,0,10.36,US,2022-09-26 23:03:07
416,Altay,47.8667,88.1167,57.69,40,64,2.57,CN,2022-09-26 23:03:07
417,Abalak,58.1286,68.5944,25.88,82,14,8.99,RU,2022-09-26 23:04:08
418,Russell,32.3502,-85.1999,83.48,39,0,6.91,US,2022-09-26 23:04:08
419,Sungairaya,0.7,108.9,77.02,88,100,3.74,ID,2022-09-26 23:04:08
420,Ballina,-28.8667,153.5667,71.78,78,83,3.6,AU,2022-09-26 23:04:09
421,Tulnici,45.9167,26.6667,57.0,92,100,3.09,RO,2022-09-26 23:04:09
422,Ploemeur,47.7333,-3.4333,57.81,79,100,6.91,FR,2022-09-26 23:02:59
423,Ampanihy,-24.7,44.75,70.32,65,0,4.61,MG,2022-09-26 23:04:09
424,Chippewa Falls,44.9369,-91.3929,59.18,53,15,11.97,US,2022-09-26 23:03:24
425,Yumbe,3.4651,31.2469,64.15,92,56,2.82,UG,2022-09-26 23:04:10
426,San Policarpo,12.1791,125.5072,78.89,84,94,2.84,PH,2022-09-26 23:04:10
427,Tsogni,-2.7942,10.0988,73.85,89,100,4.09,GA,2022-09-26 23:04:10
428,Monrovia,6.3005,-10.7969,73.49,91,100,3.87,LR,2022-09-26 23:04:11
429,Klaksvik,62.2266,-6.589,43.72,93,100,44.94,FO,2022-09-26 23:04:11
430,Tiruvannamalai,12.2167,79.0667,80.31,65,100,3.36,IN,2022-09-26 23:04:12
431,Alappuzha,9.49,76.3264,77.0,84,23,10.49,IN,2022-09-26 23:02:49
432,Portland,45.5234,-122.6762,90.77,35,20,7.0,US,2022-09-26 23:03:46
433,Saint-Georges,12.0564,-61.7485,81.36,78,100,9.82,GD,2022-09-26 23:04:12
434,Gizo,-8.103,156.8419,83.08,69,8,4.16,SB,2022-09-26 23:04:12
435,Tilichiki,60.4667,166.1,36.95,57,11,4.07,RU,2022-09-26 23:04:13
436,Loukhi,66.0764,33.0381,41.09,96,97,4.16,RU,2022-09-26 23:04:13
437,Velsk,61.0701,42.0983,41.09,89,100,6.51,RU,2022-09-26 23:04:13
438,Ritchie,-29.038,24.6028,62.56,32,58,8.3,ZA,2022-09-26 23:04:14
439,North Bend,43.4065,-124.2243,74.25,100,15,1.01,US,2022-09-26 23:00:21
440,Wagar,16.1525,36.2032,88.05,44,19,13.18,SD,2022-09-26 23:04:14
441,Aviles,43.5547,-5.9248,61.99,72,75,9.22,ES,2022-09-26 23:04:14
442,Geraldton,-28.7667,114.6,48.61,87,0,3.44,AU,2022-09-26 23:04:15
443,Campo Verde,-20.4167,-54.0667,75.24,75,70,3.31,BR,2022-09-26 23:04:15
444,Chifeng,42.2683,118.9636,58.93,44,0,3.96,CN,2022-09-26 23:04:16
445,Nome,64.5011,-165.4064,49.15,66,75,9.22,US,2022-09-26 23:04:16
446,Lakshmeshwar,15.1333,75.4667,68.23,92,100,6.06,IN,2022-09-26 23:04:16
447,Baruun-Urt,46.6806,113.2792,53.06,32,14,10.25,MN,2022-09-26 23:04:17
448,Bubaque,11.2833,-15.8333,80.69,76,62,14.34,GW,2022-09-26 23:04:17
449,Ust-Uda,54.1742,103.0304,32.95,92,100,2.57,RU,2022-09-26 23:04:17
450,Luneville,48.6,6.5,51.69,91,97,14.27,FR,2022-09-26 23:04:18
451,Sitka,57.0531,-135.33,57.09,88,100,17.27,US,2022-09-26 23:04:18
452,Klisura,42.7,24.45,59.09,50,99,2.15,BG,2022-09-26 23:04:18
453,Komsomolskiy,40.4272,71.7189,63.32,39,0,4.61,UZ,2022-09-26 23:04:18
454,Sosnovo-Ozerskoye,52.5249,111.5418,40.12,77,100,13.49,RU,2022-09-26 23:04:19
455,Zyryanka,65.75,150.85,35.85,64,92,4.27,RU,2022-09-26 23:04:19
456,Banjar,-8.19,114.9675,75.45,83,90,6.8,ID,2022-09-26 23:04:20
457,San Carlos De Bariloche,-41.1456,-71.3082,37.0,90,38,8.01,AR,2022-09-26 23:00:17
458,Sao Felix Do Xingu,-6.6447,-51.995,75.96,75,58,1.34,BR,2022-09-26 23:04:20
459,Asau,46.4333,26.4,56.32,92,100,3.18,RO,2022-09-26 23:04:20
460,Puno,-15.8333,-70.0333,46.45,65,83,13.0,PE,2022-09-26 23:04:21
461,Imeni Poliny Osipenko,52.4201,136.4853,45.43,59,62,11.32,RU,2022-09-26 23:04:21
462,Kefalos,36.7453,26.9589,66.42,72,20,2.3,GR,2022-09-26 23:04:21
463,Seminole,28.7086,-81.2081,84.42,71,0,8.05,US,2022-09-26 23:05:22
464,Santa Maria,-29.6842,-53.8069,61.66,87,1,1.03,BR,2022-09-26 23:05:22
465,Neyshabur,36.2133,58.7958,62.71,50,0,4.03,IR,2022-09-26 23:05:22
466,Verkhnevilyuysk,63.4453,120.3167,30.04,93,100,4.63,RU,2022-09-26 23:05:23
467,Manicore,-5.8092,-61.3003,89.13,36,55,2.98,BR,2022-09-26 23:05:23
468,Acarau,-2.8856,-40.12,78.71,82,65,17.52,BR,2022-09-26 23:05:23
469,Ourinhos,-22.9789,-49.8706,65.68,90,100,10.56,BR,2022-09-26 23:05:24
470,Tateyama,34.9833,139.8667,76.1,75,0,9.91,JP,2022-09-26 23:05:24
471,Tarui,35.3667,136.5333,78.85,99,60,1.99,JP,2022-09-26 23:05:24
472,Mpongwe,-13.5091,28.155,71.89,30,40,6.46,ZM,2022-09-26 23:05:26
473,Vammala,61.3333,22.9,45.57,95,10,8.16,FI,2022-09-26 23:05:26
474,Iskandar,41.5539,69.7008,63.45,31,37,1.48,UZ,2022-09-26 23:05:26
475,Kurumkan,54.3,110.3,36.95,88,89,9.01,RU,2022-09-26 23:05:27
476,Progreso,21.2833,-89.6667,87.12,72,8,10.11,MX,2022-09-26 23:05:27
477,Liberia,6.5,-9.5,68.9,99,100,1.03,LR,2022-09-26 23:05:27
478,Hailar,49.2,119.7,40.77,54,46,8.23,CN,2022-09-26 23:05:28
479,Villa Carlos Paz,-31.4241,-64.4978,68.4,35,39,1.48,AR,2022-09-26 23:04:43
480,Kargasok,59.0556,80.8572,25.7,92,81,5.12,RU,2022-09-26 23:05:28
481,Ust-Barguzin,53.45,108.9833,41.9,73,100,15.21,RU,2022-09-26 23:05:28
482,Pringsewu,-5.3582,104.9744,74.19,95,98,3.91,ID,2022-09-26 23:05:29
483,Belmonte,-15.8631,-38.8828,73.04,88,13,3.44,BR,2022-09-26 23:05:29
484,Fernandopolis,-20.2839,-50.2464,73.02,84,70,15.73,BR,2022-09-26 23:05:29
485,Salur,18.5333,83.2167,76.42,89,100,0.94,IN,2022-09-26 23:05:30
486,Mount Isa,-20.7333,139.5,80.37,24,1,14.97,AU,2022-09-26 23:05:30
487,Husavik,66.0449,-17.3389,38.39,56,38,19.15,IS,2022-09-26 23:05:30
488,Derzhavinsk,51.1,66.3167,50.58,58,97,16.26,KZ,2022-09-26 23:05:31
489,Takoradi,4.8845,-1.7554,74.5,92,96,9.04,GH,2022-09-26 23:05:31
490,Sioux Lookout,50.1001,-91.917,43.07,59,93,7.92,CA,2022-09-26 23:05:31
491,Minden,52.2833,8.9167,50.99,89,100,11.5,DE,2022-09-26 23:05:31
492,Dunhua,43.3725,128.2425,56.07,84,0,2.8,CN,2022-09-26 23:05:32
493,Bekhtery,46.251,32.2927,63.9,80,97,12.01,UA,2022-09-26 23:05:32
494,Semey,50.4111,80.2275,58.35,58,69,14.58,KZ,2022-09-26 23:05:33
495,Imbituba,-28.24,-48.6703,65.07,90,100,2.57,BR,2022-09-26 23:05:33
496,Omboue,-1.5746,9.2618,75.29,86,99,5.26,GA,2022-09-26 23:05:33
497,Port-Gentil,-0.7193,8.7815,76.96,94,100,11.5,GA,2022-09-26 23:05:34
498,Concepcion Del Oro,24.6333,-101.4167,66.65,47,87,16.02,MX,2022-09-26 23:05:34
499,Wasilla,61.5814,-149.4394,53.02,68,40,4.61,US,2022-09-26 23:05:34
500,Praia Da Vitoria,38.7333,-27.0667,67.75,83,100,13.89,PT,2022-09-26 23:05:35
501,Moron,-34.6534,-58.6198,66.94,68,19,2.82,AR,2022-09-26 23:05:35
502,Puerto Escondido,15.85,-97.0667,81.43,61,75,5.75,MX,2022-09-26 23:05:24
503,Lamu,-2.2717,40.902,73.62,74,11,13.89,KE,2022-09-26 23:05:36
504,Krasnoyarka,55.3333,73.1167,33.75,99,100,10.49,RU,2022-09-26 23:05:36
505,Mandalgovi,45.7625,106.2708,53.8,22,1,9.82,MN,2022-09-26 23:05:36
506,Ales,44.1333,4.0833,60.08,67,53,3.69,FR,2022-09-26 23:06:36
507,Pittsburg,38.028,-121.8847,93.49,37,0,13.8,US,2022-09-26 23:06:37
508,Aylesbury,51.8167,-0.8146,51.98,86,67,14.29,GB,2022-09-26 23:06:37
509,Miri,4.4148,114.0089,75.45,91,100,3.62,MY,2022-09-26 23:06:37
510,Muana,-1.5283,-49.2167,79.56,76,54,6.98,BR,2022-09-26 23:06:38
511,Ingham,42.6,-84.3833,55.26,91,100,10.36,US,2022-09-26 23:06:38
512,Tari,12.4086,4.4914,79.39,79,83,10.04,NG,2022-09-26 23:06:38
513,Veinticinco De Mayo,-35.4323,-60.1727,62.98,60,53,5.26,AR,2022-09-26 23:06:39
514,Magdagachi,53.45,125.8,35.47,65,98,4.27,RU,2022-09-26 23:06:39
515,Seoul,37.5683,126.9778,62.04,51,52,2.73,KR,2022-09-26 23:06:39
516,Tinaquillo,9.9186,-68.3047,74.79,90,92,1.25,VE,2022-09-26 23:06:39
517,Terme,41.2092,36.9739,51.73,53,1,3.98,TR,2022-09-26 23:06:40
518,Ambulu,-8.345,113.6058,73.89,84,100,3.18,ID,2022-09-26 23:06:40
519,Annau,37.8876,58.516,70.12,43,0,6.91,TM,2022-09-26 23:06:40
520,Fort Saint James,54.4333,-124.25,73.11,45,58,2.1,CA,2022-09-26 23:06:41
521,Odweyne,9.4092,45.064,77.32,49,88,7.16,SO,2022-09-26 23:06:41
522,Gorontalo,0.5412,123.0595,77.47,76,94,1.01,ID,2022-09-26 23:06:41
523,La Ronge,55.1001,-105.2842,56.35,51,20,6.22,CA,2022-09-26 23:04:43
524,Piste,20.7,-88.5833,80.65,89,75,0.0,MX,2022-09-26 23:06:42
525,Lerwick,60.1545,-1.1494,46.4,87,98,25.46,GB,2022-09-26 23:06:42
526,Buala,-8.145,159.5921,84.4,67,45,2.04,SB,2022-09-26 23:06:42
527,Xichang,27.8964,102.2634,63.14,96,97,1.12,CN,2022-09-26 23:06:43
528,Alice Springs,-23.7,133.8833,60.22,60,100,10.36,AU,2022-09-26 23:06:43
529,Kabo,7.6994,18.629,70.23,98,93,3.56,CF,2022-09-26 23:06:43
530,Virden,39.5009,-89.7679,66.09,36,81,12.26,US,2022-09-26 23:06:44
531,Urengoy,65.9667,78.3667,28.53,77,100,13.38,RU,2022-09-26 23:06:44
532,Gravdal,68.1214,13.5031,51.19,71,100,18.72,NO,2022-09-26 23:06:44
533,Baft,29.234,56.6057,63.14,35,0,4.05,IR,2022-09-26 23:06:45
534,Alta Floresta,-9.8756,-56.0861,81.75,49,99,3.53,BR,2022-09-26 23:06:45
535,Riachao Das Neves,-11.7461,-44.91,78.24,24,6,3.18,BR,2022-09-26 23:06:45
536,Bol,13.4586,14.7147,83.19,76,91,14.25,TD,2022-09-26 23:06:45
537,Balykshi,47.0667,51.8667,59.0,72,40,6.71,KZ,2022-09-26 23:06:46
538,Ponta Delgada,37.7333,-25.6667,68.5,77,20,4.61,PT,2022-09-26 23:06:46
539,Sawai Madhopur,25.9833,76.3667,76.66,69,32,4.29,IN,2022-09-26 23:06:46
540,Goure,13.9835,10.2704,87.01,42,75,8.93,NE,2022-09-26 23:06:47
541,Endicott,42.0984,-76.0494,57.04,84,0,9.22,US,2022-09-26 23:04:16
542,Ribas Do Rio Pardo,-20.4431,-53.7592,75.04,76,74,4.07,BR,2022-09-26 23:06:47
543,Chateaubelair,13.2833,-61.25,80.11,80,100,8.84,VC,2022-09-26 23:06:47
544,Khuzhir,53.1939,107.3397,41.76,67,100,11.81,RU,2022-09-26 23:06:48
545,Palembang,-2.9167,104.7458,77.09,88,20,3.44,ID,2022-09-26 23:06:48
546,Bandarbeyla,9.4942,50.8122,77.07,83,92,22.59,SO,2022-09-26 23:06:48
547,Marsh Harbour,26.5412,-77.0636,81.25,78,100,7.36,BS,2022-09-26 23:06:49
548,Batagay,67.6333,134.6333,28.99,88,100,4.79,RU,2022-09-26 23:06:49
549,Shaunavon,49.6501,-108.4181,71.17,35,73,6.58,CA,2022-09-26 23:06:49
550,Ozernovskiy,51.5,156.5167,50.23,81,99,4.61,RU,2022-09-26 23:06:50
551,Cangucu,-31.395,-52.6756,58.21,88,17,4.9,BR,2022-09-26 23:06:50
552,Boddam,57.4667,-1.7833,44.98,82,95,27.27,GB,2022-09-26 23:06:50
553,Naranjal,-2.6667,-79.6167,75.0,84,89,5.7,EC,2022-09-26 23:06:51
554,Kaeo,-35.1,173.7833,64.33,77,98,13.27,NZ,2022-09-26 23:06:51
555,Gulbene,57.1777,26.7529,46.31,80,56,5.32,LV,2022-09-26 23:07:51
556,Pervomayskoye,43.919,46.7102,59.86,86,17,8.08,RU,2022-09-26 23:07:51
557,Yerbogachen,61.2767,108.0108,29.39,97,100,6.11,RU,2022-09-26 23:07:52
558,Sao Jose Da Coroa Grande,-8.8978,-35.1478,74.37,77,42,10.78,BR,2022-09-26 23:07:52
559,Necochea,-38.5473,-58.7368,52.75,85,93,6.91,AR,2022-09-26 23:07:52
560,Shu,43.5983,73.7614,67.1,42,86,9.69,KZ,2022-09-26 23:07:53
561,Talcher,20.95,85.2167,75.65,92,78,1.88,IN,2022-09-26 23:05:06
562,Slave Lake,55.2834,-114.769,70.65,50,46,2.95,CA,2022-09-26 23:07:53
563,Tocopilla,-22.092,-70.1979,60.89,71,27,7.31,CL,2022-09-26 23:03:12
564,Teofilo Otoni,-17.8575,-41.5053,71.31,83,40,7.45,BR,2022-09-26 23:07:53
565,Novosergiyevka,52.0934,53.6528,46.33,91,87,7.36,RU,2022-09-26 23:07:54
566,Abu Samrah,35.3029,37.1841,69.12,36,0,6.33,SY,2022-09-26 23:07:54
567,Puerto Penasco,31.3167,-113.5333,92.91,58,0,7.0,MX,2022-09-26 23:06:02
568,Yanam,16.7333,82.2167,74.64,95,100,2.37,IN,2022-09-26 23:07:54
569,Dombarovskiy,50.7587,59.5386,49.28,69,97,14.97,RU,2022-09-26 23:07:55
570,Sumbuya,7.6467,-11.9611,71.47,97,99,1.72,SL,2022-09-26 23:07:55
571,Ryotsu,38.0833,138.4333,70.86,67,95,8.84,JP,2022-09-26 23:07:55
572,Urumqi,43.801,87.6005,68.95,26,0,13.42,CN,2022-09-26 23:07:56
573,Ivybridge,50.3904,-3.9191,55.9,80,51,13.35,GB,2022-09-26 23:07:56
